-- Insert titles
INSERT INTO user_titles (title_id, title) VALUES (2, 'Budget Officer');
INSERT INTO user_titles (title_id, title) VALUES (3, 'Dean of Engineering');
INSERT INTO user_titles (title_id, title) VALUES (4, 'Department Chair');
INSERT INTO user_titles (title_id, title) VALUES (5, 'Faculty Member');
INSERT INTO user_titles (title_id, title) VALUES (6, 'Graduate Program Director');
INSERT INTO user_titles (title_id, title) VALUES (7, 'Librarian');
INSERT INTO user_titles (title_id, title) VALUES (8, 'Provost');
INSERT INTO user_titles (title_id, title) VALUES (9, 'Registrar');
INSERT INTO user_titles (title_id, title) VALUES (10, 'Student');
INSERT INTO user_titles (title_id, title) VALUES (11, 'Undergraduate Program Director');

-- Insert users and credentials
INSERT INTO users (username, title_id, firstname, lastname, level, email) VALUES ('lmonroe', 8, 'Lisbeth', 'Monroe', 3, 'tranlamngocthao1106@gmail.com');
INSERT INTO credentials (username, password, login_first_time) VALUES ('lmonroe', '$2b$12$tLGUk1q6NmETWiySgMeLduU7VTMuTdxsKHVX.h1/BrenSQFqamAxy', TRUE);
INSERT INTO users (username, title_id, firstname, lastname, level, email) VALUES ('jweiner', 9, 'Jacob', 'Weiner', 3, 'tranlamngocthao1106@gmail.com');
INSERT INTO credentials (username, password, login_first_time) VALUES ('jweiner', '$2b$12$lt.FjOJs.1QyACjWGjcZuewxqWOD.VA5DcFMzrl2Y6hACd3jWJfyW', TRUE);
INSERT INTO users (username, title_id, firstname, lastname, level, email) VALUES ('rflood', 2, 'Robert', 'Flood', 3, 'tranlamngocthao1106@gmail.com');
INSERT INTO credentials (username, password, login_first_time) VALUES ('rflood', '$2b$12$/V8n3jlUlzcO/UwTdyYpUu.e7S.60ImX297UJbhZv6fz2OvKXYyRK', TRUE);
INSERT INTO users (username, title_id, firstname, lastname, level, email) VALUES ('rmarcos', 3, 'Rachel', 'Marcos', 3, 'tranlamngocthao1106@gmail.com');
INSERT INTO credentials (username, password, login_first_time) VALUES ('rmarcos', '$2b$12$e4.RqyckAmt0QOWO08i20eAps/Bes16bVqmm8LZIpQGDX/H6/4rzG', TRUE);
INSERT INTO users (username, title_id, firstname, lastname, level, email) VALUES ('brichman', 4, 'Brandon', 'Richman', 2, 'tranlamngocthao1106@gmail.com');
INSERT INTO credentials (username, password, login_first_time) VALUES ('brichman', '$2b$12$rnEFdYRR0Bp0TNAvCrT1c./DlTQnoNTgHIZz/m9zQXAJqZk6guvMq', TRUE);
INSERT INTO users (username, title_id, firstname, lastname, level, email) VALUES ('mnorman', 4, 'Melinda', 'Norman', 2, 'tranlamngocthao1106@gmail.com');
INSERT INTO credentials (username, password, login_first_time) VALUES ('mnorman', '$2b$12$Ir54Nukn40Lt3/rb4Im3TeWJJyoQfxf7vrzcdjMksq6hcSkk2n8uy', TRUE);
INSERT INTO users (username, title_id, firstname, lastname, level, email) VALUES ('kdillon', 6, 'Kim', 'Dillon', 2, 'tranlamngocthao1106@gmail.com');
INSERT INTO credentials (username, password, login_first_time) VALUES ('kdillon', '$2b$12$T16jDnptxScDMG7KwxPMhu8/lPMfIJueXHIckN37vbb6BLwdc0Lxi', TRUE);
INSERT INTO users (username, title_id, firstname, lastname, level, email) VALUES ('ecobb', 11, 'Erica', 'Cobb', 2, 'tranlamngocthao1106@gmail.com');
INSERT INTO credentials (username, password, login_first_time) VALUES ('ecobb', '$2b$12$PGYwL1d7QaHmSoUzhHYWL.op1z5Ps/s/Ecl8R9sVZVqxoKQHkXb8y', TRUE);
INSERT INTO users (username, title_id, firstname, lastname, level, email) VALUES ('cwalker', 5, 'Christie', 'Walker', 1, 'tranlamngocthao1106@gmail.com');
INSERT INTO credentials (username, password, login_first_time) VALUES ('cwalker', '$2b$12$GE12aLrgnLq8IfIXJWx8TOqSix1orK.AKcZlqVLj1yQVLPEaoBgSy', TRUE);
INSERT INTO users (username, title_id, firstname, lastname, level, email) VALUES ('xzhang', 5, 'Xu', 'Zhang', 1, 'tranlamngocthao1106@gmail.com');
INSERT INTO credentials (username, password, login_first_time) VALUES ('xzhang', '$2b$12$K5evkEJfls60NzZUAZvqM.4ZEpZVgLw2ugJRgBvoGrIG2cwdhsxEW', TRUE);
INSERT INTO users (username, title_id, firstname, lastname, level, email) VALUES ('imohammad', 5, 'Ibrahim', 'Mohammad', 1, 'tranlamngocthao1106@gmail.com');
INSERT INTO credentials (username, password, login_first_time) VALUES ('imohammad', '$2b$12$oEjNBLL664edt1FbLb4BHuEXCUiI0NjGjNCcDbBxolAVpwRS6gQlK', TRUE);
INSERT INTO users (username, title_id, firstname, lastname, level, email) VALUES ('asavane', 5, 'Aryan', 'Savane', 1, 'tranlamngocthao1106@gmail.com');
INSERT INTO credentials (username, password, login_first_time) VALUES ('asavane', '$2b$12$FL/bHkq8P2ya6ZPQEIJZhuOVvjDx8WjfDpPUKSTChMuy.K3UtZlL2', TRUE);
INSERT INTO users (username, title_id, firstname, lastname, level, email) VALUES ('aswanson', 5, 'Anne', 'Swanson', 1, 'tranlamngocthao1106@gmail.com');
INSERT INTO credentials (username, password, login_first_time) VALUES ('aswanson', '$2b$12$ppeYkeaUOjtkPrr62TgzOO9mK5nEZ5KfFoQ75zAI9f1oohIOVrQrC', TRUE);
INSERT INTO users (username, title_id, firstname, lastname, level, email) VALUES ('mruth', 5, 'Mike', 'Ruth', 1, 'tranlamngocthao1106@gmail.com');
INSERT INTO credentials (username, password, login_first_time) VALUES ('mruth', '$2b$12$drKZF/rrozw3/6s47DKqMegd/xVjkYXXVHwsKY.J/.G/fCIC6vVuC', TRUE);
INSERT INTO users (username, title_id, firstname, lastname, level, email) VALUES ('apromod', 7, 'Ahalya', 'Promod', 1, 'tranlamngocthao1106@gmail.com');
INSERT INTO credentials (username, password, login_first_time) VALUES ('apromod', '$2b$12$8Xz5PNYqFKCY2Bvh7G2aXO/.m4VEShzJEU1i.W6te6ovhPgGehFEG', TRUE);
INSERT INTO users (username, title_id, firstname, lastname, level, email) VALUES ('sbrunswick', 7, 'Shasha', 'Brunswick', 1, 'tranlamngocthao1106@gmail.com');
INSERT INTO credentials (username, password, login_first_time) VALUES ('sbrunswick', '$2b$12$g.9t1iqwYeONloxdVTbmiOPJK1BvDA1Rw6ambjBRTVNZuwXnEeDHu', TRUE);
INSERT INTO users (username, title_id, firstname, lastname, level, email) VALUES ('dbensen', 10, 'Delores', 'Bensen', 0, 'tranlamngocthao1106@gmail.com');
INSERT INTO credentials (username, password, login_first_time) VALUES ('dbensen', '$2b$12$LaaoGYtVvevKMJjv5Mu13.eSr9wcvhJ5HWqXk0KCJztN33iVh.uTq', TRUE);
INSERT INTO users (username, title_id, firstname, lastname, level, email) VALUES ('salbert', 10, 'Shirley', 'Albert', 0, 'tranlamngocthao1106@gmail.com');
INSERT INTO credentials (username, password, login_first_time) VALUES ('salbert', '$2b$12$mbFvipB6A85m/D8e.EdL7Oc6qPXr3.NFo2HeR4A6YwMhEp1r./xZa', TRUE);
INSERT INTO users (username, title_id, firstname, lastname, level, email) VALUES ('dwong', 10, 'Daniel', 'Wong', 0, 'tranlamngocthao1106@gmail.com');
INSERT INTO credentials (username, password, login_first_time) VALUES ('dwong', '$2b$12$pWXgU8CjkYy/vNPgzPr4N.qBFVQaH3rw/caccxu34yHb5r7Xn3MHe', TRUE);
INSERT INTO users (username, title_id, firstname, lastname, level, email) VALUES ('rsuzuki', 10, 'Riku', 'Suzuki', 0, 'tranlamngocthao1106@gmail.com');
INSERT INTO credentials (username, password, login_first_time) VALUES ('rsuzuki', '$2b$12$7aSjrh6ggnR4gcK4pnR4Ju/WAkkGkAdPu26NURPKaanXMvji/eG3.', TRUE);
INSERT INTO users (username, title_id, firstname, lastname, level, email) VALUES ('ileonardo', 10, 'Isabella', 'Leonardo', 0, 'tranlamngocthao1106@gmail.com');
INSERT INTO credentials (username, password, login_first_time) VALUES ('ileonardo', '$2b$12$iFs9rKrW4aE4a6FjU2mFKu0xsn.eho2/rP6aJ8/eccF.xHNF5MvJC', TRUE);
INSERT INTO users (username, title_id, firstname, lastname, level, email) VALUES ('amahajan', 10, 'Arjun', 'Mahajan', 0, 'tranlamngocthao1106@gmail.com');
INSERT INTO credentials (username, password, login_first_time) VALUES ('amahajan', '$2b$12$q1sIFE3c/znot06RIEoJ1.25nKV44k55OrI9hg7Jynm8m/o5sgUBq', TRUE);
INSERT INTO users (username, title_id, firstname, lastname, level, email) VALUES ('lhuang', 10, 'Lei', 'Huang', 0, 'tranlamngocthao1106@gmail.com');
INSERT INTO credentials (username, password, login_first_time) VALUES ('lhuang', '$2b$12$q2QDFH0u86S9ILufse1QWOXlwIS1RykcBN4zQm8ZAQeyOO29PpkeS', TRUE);
INSERT INTO users (username, title_id, firstname, lastname, level, email) VALUES ('rkishore', 10, 'Rajan', 'Kishore', 0, 'tranlamngocthao1106@gmail.com');
INSERT INTO credentials (username, password, login_first_time) VALUES ('rkishore', '$2b$12$2bOb5/QY/butu8NbDO9b2uqga2v1LggDcukVLUPSnx/Rm8bT7cExq', TRUE);
