--
-- PostgreSQL database dump
--

-- Dumped from database version 17.4 (Debian 17.4-1.pgdg120+2)
-- Dumped by pg_dump version 17.4 (Debian 17.4-1.pgdg120+2)

-- 1) Switch into the built-in "postgres" maintenance DB
\connect postgres

DROP DATABASE IF EXISTS cs5392database;
CREATE DATABASE cs5392database
  WITH OWNER = jupiter
       ENCODING = 'UTF8'
       LC_COLLATE = 'en_US.utf8'
       LC_CTYPE   = 'en_US.utf8'
       TEMPLATE   = template0;

ALTER DATABASE cs5392database OWNER TO jupiter;

-- 2) Switch into the newly created cs5392database
\connect cs5392database

-- 3) Session settings for the rest of the dump
SET statement_timeout = 0;
SET lock_timeout = 0;
SET idle_in_transaction_session_timeout = 0;
SET transaction_timeout = 0;
SET client_encoding = 'UTF8';
SET standard_conforming_strings = on;
SELECT pg_catalog.set_config('search_path', '', false);
SET check_function_bodies = false;
SET xmloption = content;
SET client_min_messages = warning;
SET row_security = off;

--
-- Name: file_type; Type: TYPE; Schema: public; Owner: jupiter
--

CREATE TYPE public.file_type AS ENUM (
    'PDF',
    'DOC',
    'JPG',
    'PNG'
);


ALTER TYPE public.file_type OWNER TO jupiter;

--
-- Name: form_status; Type: TYPE; Schema: public; Owner: jupiter
--

CREATE TYPE public.form_status AS ENUM (
    'DRAFT',
    'SUBMITTED',
    'PENDING',
    'APPROVED',
    'REJECTED',
    'INACTIVE',
    'ACTIVE'
);


ALTER TYPE public.form_status OWNER TO jupiter;

--
-- Name: value_type; Type: TYPE; Schema: public; Owner: jupiter
--

CREATE TYPE public.value_type AS ENUM (
    'NUMBER',
    'TEXT',
    'BOOLEAN',
    'DATE'
);


ALTER TYPE public.value_type OWNER TO jupiter;

SET default_tablespace = '';

SET default_table_access_method = heap;

--
-- Name: attachment_templates; Type: TABLE; Schema: public; Owner: jupiter
--

CREATE TABLE public.attachment_templates (
    attachment_template_id integer NOT NULL,
    formtypeid character varying NOT NULL,
    description text NOT NULL,
    is_required boolean DEFAULT true NOT NULL,
    file_type public.file_type
);


ALTER TABLE public.attachment_templates OWNER TO jupiter;

--
-- Name: attachment_templates_attachment_template_id_seq; Type: SEQUENCE; Schema: public; Owner: jupiter
--

ALTER TABLE public.attachment_templates ALTER COLUMN attachment_template_id ADD GENERATED BY DEFAULT AS IDENTITY (
    SEQUENCE NAME public.attachment_templates_attachment_template_id_seq
    START WITH 1
    INCREMENT BY 1
    NO MINVALUE
    NO MAXVALUE
    CACHE 1
);


--
-- Name: attachments; Type: TABLE; Schema: public; Owner: jupiter
--

CREATE TABLE public.attachments (
    attachmentid integer NOT NULL,
    formid character varying NOT NULL,
    attachment_template_id integer NOT NULL,
    file_content bytea NOT NULL,
    mime_type character varying NOT NULL,
    CONSTRAINT mime_type_check CHECK (((mime_type)::text = ANY ((ARRAY['application/pdf'::character varying, 'text/plain'::character varying, 'image/jpeg'::character varying, 'image/png'::character varying])::text[])))
);


ALTER TABLE public.attachments OWNER TO jupiter;

--
-- Name: attachments_attachmentid_seq; Type: SEQUENCE; Schema: public; Owner: jupiter
--

ALTER TABLE public.attachments ALTER COLUMN attachmentid ADD GENERATED BY DEFAULT AS IDENTITY (
    SEQUENCE NAME public.attachments_attachmentid_seq
    START WITH 1
    INCREMENT BY 1
    NO MINVALUE
    NO MAXVALUE
    CACHE 1
);


--
-- Name: credentials; Type: TABLE; Schema: public; Owner: jupiter
--

CREATE TABLE public.credentials (
    username character varying NOT NULL,
    password character varying,
    login_first_time boolean DEFAULT true
);


ALTER TABLE public.credentials OWNER TO jupiter;

--
-- Name: form_content; Type: TABLE; Schema: public; Owner: jupiter
--

CREATE TABLE public.form_content (
    content_id integer NOT NULL,
    formid character varying,
    field_value character varying,
    content_template_id integer
);


ALTER TABLE public.form_content OWNER TO jupiter;

--
-- Name: form_content_content_id_seq; Type: SEQUENCE; Schema: public; Owner: jupiter
--

ALTER TABLE public.form_content ALTER COLUMN content_id ADD GENERATED BY DEFAULT AS IDENTITY (
    SEQUENCE NAME public.form_content_content_id_seq
    START WITH 1
    INCREMENT BY 1
    NO MINVALUE
    NO MAXVALUE
    CACHE 1
);


--
-- Name: form_content_templates; Type: TABLE; Schema: public; Owner: jupiter
--

CREATE TABLE public.form_content_templates (
    content_template_id integer NOT NULL,
    formtypeid character varying NOT NULL,
    field_name character varying NOT NULL,
    is_value_needed boolean NOT NULL,
    value_type public.value_type,
    description text
);


ALTER TABLE public.form_content_templates OWNER TO jupiter;

--
-- Name: form_content_templates_content_template_id_seq; Type: SEQUENCE; Schema: public; Owner: jupiter
--

ALTER TABLE public.form_content_templates ALTER COLUMN content_template_id ADD GENERATED BY DEFAULT AS IDENTITY (
    SEQUENCE NAME public.form_content_templates_content_template_id_seq
    START WITH 1
    INCREMENT BY 1
    NO MINVALUE
    NO MAXVALUE
    CACHE 1
);


--
-- Name: form_templates; Type: TABLE; Schema: public; Owner: jupiter
--

CREATE TABLE public.form_templates (
    formtypeid character varying NOT NULL,
    status public.form_status DEFAULT 'DRAFT'::public.form_status,
    title character varying NOT NULL,
    description text NOT NULL
);


ALTER TABLE public.form_templates OWNER TO jupiter;

--
-- Name: forms; Type: TABLE; Schema: public; Owner: jupiter
--

CREATE TABLE public.forms (
    formid character varying NOT NULL,
    formtypeid character varying NOT NULL,
    username character varying NOT NULL,
    status public.form_status DEFAULT 'DRAFT'::public.form_status,
    created_date date NOT NULL,
    last_updated date NOT NULL
);


ALTER TABLE public.forms OWNER TO jupiter;

--
-- Name: signature_templates; Type: TABLE; Schema: public; Owner: jupiter
--

CREATE TABLE public.signature_templates (
    signature_template_id integer NOT NULL,
    formtypeid character varying NOT NULL,
    title_id integer
);


ALTER TABLE public.signature_templates OWNER TO jupiter;

--
-- Name: signature_templates_signature_template_id_seq; Type: SEQUENCE; Schema: public; Owner: jupiter
--

ALTER TABLE public.signature_templates ALTER COLUMN signature_template_id ADD GENERATED BY DEFAULT AS IDENTITY (
    SEQUENCE NAME public.signature_templates_signature_template_id_seq
    START WITH 1
    INCREMENT BY 1
    NO MINVALUE
    NO MAXVALUE
    CACHE 1
);


--
-- Name: signatures; Type: TABLE; Schema: public; Owner: jupiter
--

CREATE TABLE public.signatures (
    signatureid integer NOT NULL,
    signature_template_id integer NOT NULL,
    formid character varying NOT NULL,
    username character varying NOT NULL,
    signature character varying,
    decided_on date,
    status public.form_status DEFAULT 'PENDING'::public.form_status,
    rejection_reason text,
    title_id integer
);


ALTER TABLE public.signatures OWNER TO jupiter;

--
-- Name: signatures_signatureid_seq; Type: SEQUENCE; Schema: public; Owner: jupiter
--

ALTER TABLE public.signatures ALTER COLUMN signatureid ADD GENERATED BY DEFAULT AS IDENTITY (
    SEQUENCE NAME public.signatures_signatureid_seq
    START WITH 1
    INCREMENT BY 1
    NO MINVALUE
    NO MAXVALUE
    CACHE 1
);


--
-- Name: user_titles; Type: TABLE; Schema: public; Owner: jupiter
--

CREATE TABLE public.user_titles (
    title_id integer NOT NULL,
    title character varying NOT NULL
);


ALTER TABLE public.user_titles OWNER TO jupiter;

--
-- Name: user_titles_title_id_seq; Type: SEQUENCE; Schema: public; Owner: jupiter
--

CREATE SEQUENCE public.user_titles_title_id_seq
    AS integer
    START WITH 1
    INCREMENT BY 1
    NO MINVALUE
    NO MAXVALUE
    CACHE 1;


ALTER SEQUENCE public.user_titles_title_id_seq OWNER TO jupiter;

--
-- Name: user_titles_title_id_seq; Type: SEQUENCE OWNED BY; Schema: public; Owner: jupiter
--

ALTER SEQUENCE public.user_titles_title_id_seq OWNED BY public.user_titles.title_id;


--
-- Name: users; Type: TABLE; Schema: public; Owner: jupiter
--

CREATE TABLE public.users (
    username character varying NOT NULL,
    title_id integer NOT NULL,
    firstname character varying NOT NULL,
    lastname character varying NOT NULL,
    level integer,
    email character varying NOT NULL
);


ALTER TABLE public.users OWNER TO jupiter;

--
-- Name: user_titles title_id; Type: DEFAULT; Schema: public; Owner: jupiter
--

ALTER TABLE ONLY public.user_titles ALTER COLUMN title_id SET DEFAULT nextval('public.user_titles_title_id_seq'::regclass);


--
-- Data for Name: attachment_templates; Type: TABLE DATA; Schema: public; Owner: jupiter
--

COPY public.attachment_templates (attachment_template_id, formtypeid, description, is_required, file_type) FROM stdin;
1	EL001	Supporting documents, if any	f	PDF
2	RF001	Supporting documents	f	PDF
\.


--
-- Data for Name: attachments; Type: TABLE DATA; Schema: public; Owner: jupiter
--

COPY public.attachments (attachmentid, formid, attachment_template_id, file_content, mime_type) FROM stdin;
\.


--
-- Data for Name: credentials; Type: TABLE DATA; Schema: public; Owner: jupiter
--

COPY public.credentials (username, password, login_first_time) FROM stdin;
admin	$2a$10$Rem1Y21k6BvLutJakEFkAuMsOO.3tC7cH1c2tXtvY3shOMlAAXBnq	f
lmonroe	$2b$12$tLGUk1q6NmETWiySgMeLduU7VTMuTdxsKHVX.h1/BrenSQFqamAxy	t
jweiner	$2b$12$lt.FjOJs.1QyACjWGjcZuewxqWOD.VA5DcFMzrl2Y6hACd3jWJfyW	t
rflood	$2b$12$/V8n3jlUlzcO/UwTdyYpUu.e7S.60ImX297UJbhZv6fz2OvKXYyRK	t
rmarcos	$2b$12$e4.RqyckAmt0QOWO08i20eAps/Bes16bVqmm8LZIpQGDX/H6/4rzG	t
brichman	$2b$12$rnEFdYRR0Bp0TNAvCrT1c./DlTQnoNTgHIZz/m9zQXAJqZk6guvMq	t
mnorman	$2b$12$Ir54Nukn40Lt3/rb4Im3TeWJJyoQfxf7vrzcdjMksq6hcSkk2n8uy	t
kdillon	$2b$12$T16jDnptxScDMG7KwxPMhu8/lPMfIJueXHIckN37vbb6BLwdc0Lxi	t
ecobb	$2b$12$PGYwL1d7QaHmSoUzhHYWL.op1z5Ps/s/Ecl8R9sVZVqxoKQHkXb8y	t
cwalker	$2b$12$GE12aLrgnLq8IfIXJWx8TOqSix1orK.AKcZlqVLj1yQVLPEaoBgSy	t
xzhang	$2b$12$K5evkEJfls60NzZUAZvqM.4ZEpZVgLw2ugJRgBvoGrIG2cwdhsxEW	t
imohammad	$2b$12$oEjNBLL664edt1FbLb4BHuEXCUiI0NjGjNCcDbBxolAVpwRS6gQlK	t
asavane	$2b$12$FL/bHkq8P2ya6ZPQEIJZhuOVvjDx8WjfDpPUKSTChMuy.K3UtZlL2	t
aswanson	$2b$12$ppeYkeaUOjtkPrr62TgzOO9mK5nEZ5KfFoQ75zAI9f1oohIOVrQrC	t
mruth	$2b$12$drKZF/rrozw3/6s47DKqMegd/xVjkYXXVHwsKY.J/.G/fCIC6vVuC	t
apromod	$2b$12$8Xz5PNYqFKCY2Bvh7G2aXO/.m4VEShzJEU1i.W6te6ovhPgGehFEG	t
sbrunswick	$2b$12$g.9t1iqwYeONloxdVTbmiOPJK1BvDA1Rw6ambjBRTVNZuwXnEeDHu	t
dbensen	$2b$12$LaaoGYtVvevKMJjv5Mu13.eSr9wcvhJ5HWqXk0KCJztN33iVh.uTq	t
salbert	$2b$12$mbFvipB6A85m/D8e.EdL7Oc6qPXr3.NFo2HeR4A6YwMhEp1r./xZa	t
dwong	$2b$12$pWXgU8CjkYy/vNPgzPr4N.qBFVQaH3rw/caccxu34yHb5r7Xn3MHe	t
rsuzuki	$2b$12$7aSjrh6ggnR4gcK4pnR4Ju/WAkkGkAdPu26NURPKaanXMvji/eG3.	t
ileonardo	$2b$12$iFs9rKrW4aE4a6FjU2mFKu0xsn.eho2/rP6aJ8/eccF.xHNF5MvJC	t
amahajan	$2b$12$q1sIFE3c/znot06RIEoJ1.25nKV44k55OrI9hg7Jynm8m/o5sgUBq	t
lhuang	$2b$12$q2QDFH0u86S9ILufse1QWOXlwIS1RykcBN4zQm8ZAQeyOO29PpkeS	t
rkishore	$2b$12$2bOb5/QY/butu8NbDO9b2uqga2v1LggDcukVLUPSnx/Rm8bT7cExq	t
\.


--
-- Data for Name: form_content; Type: TABLE DATA; Schema: public; Owner: jupiter
--

COPY public.form_content (content_id, formid, field_value, content_template_id) FROM stdin;
\.


--
-- Data for Name: form_content_templates; Type: TABLE DATA; Schema: public; Owner: jupiter
--

COPY public.form_content_templates (content_template_id, formtypeid, field_name, is_value_needed, value_type, description) FROM stdin;
15	GA001	Firstname	t	TEXT	
16	GA001	Lastname	t	TEXT	
17	GA001	Major	t	TEXT	
18	GA001	College	t	TEXT	
19	GA001	Graduating semester	t	TEXT	
20	GA001	Cumulative GPA	t	NUMBER	
21	GA001	Courses completed	t	TEXT	List here the courses completed along with their grades or attach a file showing completed courses with grades. The details for each course should include the course number, course title, semester and year, and the grade obtained.
22	GR001	Firstname	t	TEXT	
23	GR001	Lastname	t	TEXT	
24	GR001	Department	t	TEXT	
25	GR001	College	t	TEXT	
26	GR001	Course grade	t	TEXT	
27	GR001	Course number and title	t	TEXT	
28	GR001	Reason for appeal	t	TEXT	Give the reason for changing the grade
29	IG001	Firstname	t	TEXT	
30	IG001	Lastname	t	TEXT	
31	IG001	Department	t	TEXT	
32	IG001	Rank	t	TEXT	
33	IG001	Project title	t	TEXT	
34	IG001	Project period	t	TEXT	
35	IG001	Amount requested	t	NUMBER	
36	IG001	Summer salary	t	NUMBER	
37	IG001	Number of students	t	NUMBER	
38	IG001	Stipend per student	t	NUMBER	
39	IG001	Equipment, if any	f	TEXT	
40	IG001	Additional expenses	f	TEXT	
41	EL001	Firstname	t	TEXT	
42	EL001	Lastname	t	TEXT	
43	EL001	Department	t	TEXT	
44	EL001	Rank	t	TEXT	
45	EL001	Leave category	t	TEXT	
46	EL001	Leave period	t	TEXT	
47	EL001	Reason	t	TEXT	
48	EL001	Substitute arranged	t	BOOLEAN	
49	RF001	Firstname	t	TEXT	
50	RF001	Lastname	t	TEXT	
51	RF001	Department	t	TEXT	
52	RF001	Rank	t	TEXT	
53	RF001	Allocated Funding code	t	TEXT	
54	RF001	Reallocation Funding code	t	TEXT	
55	RF001	Reason	t	TEXT	
\.


--
-- Data for Name: form_templates; Type: TABLE DATA; Schema: public; Owner: jupiter
--

COPY public.form_templates (formtypeid, status, title, description) FROM stdin;
GA001	ACTIVE	Graduation Application	This form must be completed by a student who is about to graduate. It must be approved by the Department chair, the Dean of the College and the Registrar
GR001	ACTIVE	Grade Appeal	This form must be completed by a student. It must be approved by the Faculty member, Department chair, the Dean of the College and the Registrar
IG001	ACTIVE	Internal Grant Application	This form must be completed by a faculty member or a librarian (Level 1 user). It is meant for requesting funding for research from SMU. It must be approved by the Dean of the college and Vice Chancellor for Academic Affairs
EL001	ACTIVE	Extended Leave Application	This form must be completed by a faculty member or a librarian (Level 1 user). It is meant for requesting extended leave from duty. It must be approved by the Dept. chair, Dean of the college and Vice Chancellor for Academic Affairs.
RF001	ACTIVE	Re-allocation of funds Application	This form must be completed by a Dept. Chair (Level 2 user). It is meant for requesting permission to reallocate funding for a specific purpose. It must be approved by the Dean of the college, Budget officer and Vice Chancellor for Academic Affairs.
\.


--
-- Data for Name: forms; Type: TABLE DATA; Schema: public; Owner: jupiter
--

COPY public.forms (formid, formtypeid, username, status, created_date, last_updated) FROM stdin;
\.


--
-- Data for Name: signature_templates; Type: TABLE DATA; Schema: public; Owner: jupiter
--

COPY public.signature_templates (signature_template_id, formtypeid, title_id) FROM stdin;
8	GA001	4
9	GA001	3
10	GA001	9
11	GR001	5
12	GR001	4
13	GR001	3
14	GR001	9
15	IG001	3
16	IG001	2
17	IG001	8
18	EL001	4
19	EL001	3
20	EL001	8
21	RF001	3
22	RF001	2
23	RF001	8
\.


--
-- Data for Name: signatures; Type: TABLE DATA; Schema: public; Owner: jupiter
--

COPY public.signatures (signatureid, signature_template_id, formid, username, signature, decided_on, status, rejection_reason, title_id) FROM stdin;
\.


--
-- Data for Name: user_titles; Type: TABLE DATA; Schema: public; Owner: jupiter
--

COPY public.user_titles (title_id, title) FROM stdin;
1	Admin
2	Budget Officer
3	Dean of Engineering
4	Department Chair
5	Faculty Member
6	Graduate Program Director
7	Librarian
8	Provost
9	Registrar
10	Student
11	Undergraduate Program Director
\.


--
-- Data for Name: users; Type: TABLE DATA; Schema: public; Owner: jupiter
--

COPY public.users (username, title_id, firstname, lastname, level, email) FROM stdin;
admin	1	Tran	Lam	4	admin@example.com
lmonroe	8	Lisbeth	Monroe	3	tranlamngocthao1106@gmail.com
jweiner	9	Jacob	Weiner	3	tranlamngocthao1106@gmail.com
rflood	2	Robert	Flood	3	tranlamngocthao1106@gmail.com
rmarcos	3	Rachel	Marcos	3	tranlamngocthao1106@gmail.com
brichman	4	Brandon	Richman	2	tranlamngocthao1106@gmail.com
mnorman	4	Melinda	Norman	2	tranlamngocthao1106@gmail.com
kdillon	6	Kim	Dillon	2	tranlamngocthao1106@gmail.com
ecobb	11	Erica	Cobb	2	tranlamngocthao1106@gmail.com
cwalker	5	Christie	Walker	1	tranlamngocthao1106@gmail.com
xzhang	5	Xu	Zhang	1	tranlamngocthao1106@gmail.com
imohammad	5	Ibrahim	Mohammad	1	tranlamngocthao1106@gmail.com
asavane	5	Aryan	Savane	1	tranlamngocthao1106@gmail.com
aswanson	5	Anne	Swanson	1	tranlamngocthao1106@gmail.com
mruth	5	Mike	Ruth	1	tranlamngocthao1106@gmail.com
apromod	7	Ahalya	Promod	1	tranlamngocthao1106@gmail.com
sbrunswick	7	Shasha	Brunswick	1	tranlamngocthao1106@gmail.com
dbensen	10	Delores	Bensen	0	tranlamngocthao1106@gmail.com
salbert	10	Shirley	Albert	0	tranlamngocthao1106@gmail.com
dwong	10	Daniel	Wong	0	tranlamngocthao1106@gmail.com
rsuzuki	10	Riku	Suzuki	0	tranlamngocthao1106@gmail.com
ileonardo	10	Isabella	Leonardo	0	tranlamngocthao1106@gmail.com
amahajan	10	Arjun	Mahajan	0	tranlamngocthao1106@gmail.com
lhuang	10	Lei	Huang	0	tranlamngocthao1106@gmail.com
rkishore	10	Rajan	Kishore	0	tranlamngocthao1106@gmail.com
\.


--
-- Name: attachment_templates_attachment_template_id_seq; Type: SEQUENCE SET; Schema: public; Owner: jupiter
--

SELECT pg_catalog.setval('public.attachment_templates_attachment_template_id_seq', 2, true);


--
-- Name: attachments_attachmentid_seq; Type: SEQUENCE SET; Schema: public; Owner: jupiter
--

SELECT pg_catalog.setval('public.attachments_attachmentid_seq', 1, false);


--
-- Name: form_content_content_id_seq; Type: SEQUENCE SET; Schema: public; Owner: jupiter
--

SELECT pg_catalog.setval('public.form_content_content_id_seq', 1, false);


--
-- Name: form_content_templates_content_template_id_seq; Type: SEQUENCE SET; Schema: public; Owner: jupiter
--

SELECT pg_catalog.setval('public.form_content_templates_content_template_id_seq', 55, true);


--
-- Name: signature_templates_signature_template_id_seq; Type: SEQUENCE SET; Schema: public; Owner: jupiter
--

SELECT pg_catalog.setval('public.signature_templates_signature_template_id_seq', 23, true);


--
-- Name: signatures_signatureid_seq; Type: SEQUENCE SET; Schema: public; Owner: jupiter
--

SELECT pg_catalog.setval('public.signatures_signatureid_seq', 1, false);


--
-- Name: user_titles_title_id_seq; Type: SEQUENCE SET; Schema: public; Owner: jupiter
--

SELECT pg_catalog.setval('public.user_titles_title_id_seq', 1, true);


--
-- Name: attachment_templates attachment_templates_pkey; Type: CONSTRAINT; Schema: public; Owner: jupiter
--

ALTER TABLE ONLY public.attachment_templates
    ADD CONSTRAINT attachment_templates_pkey PRIMARY KEY (attachment_template_id);


--
-- Name: attachments attachments_pkey; Type: CONSTRAINT; Schema: public; Owner: jupiter
--

ALTER TABLE ONLY public.attachments
    ADD CONSTRAINT attachments_pkey PRIMARY KEY (attachmentid);


--
-- Name: credentials credentials_pkey; Type: CONSTRAINT; Schema: public; Owner: jupiter
--

ALTER TABLE ONLY public.credentials
    ADD CONSTRAINT credentials_pkey PRIMARY KEY (username);


--
-- Name: form_content form_content_pkey; Type: CONSTRAINT; Schema: public; Owner: jupiter
--

ALTER TABLE ONLY public.form_content
    ADD CONSTRAINT form_content_pkey PRIMARY KEY (content_id);


--
-- Name: form_content_templates form_content_templates_pkey; Type: CONSTRAINT; Schema: public; Owner: jupiter
--

ALTER TABLE ONLY public.form_content_templates
    ADD CONSTRAINT form_content_templates_pkey PRIMARY KEY (content_template_id);


--
-- Name: form_templates form_templates_pkey; Type: CONSTRAINT; Schema: public; Owner: jupiter
--

ALTER TABLE ONLY public.form_templates
    ADD CONSTRAINT form_templates_pkey PRIMARY KEY (formtypeid);


--
-- Name: forms forms_pkey; Type: CONSTRAINT; Schema: public; Owner: jupiter
--

ALTER TABLE ONLY public.forms
    ADD CONSTRAINT forms_pkey PRIMARY KEY (formid);


--
-- Name: signature_templates signature_templates_pkey; Type: CONSTRAINT; Schema: public; Owner: jupiter
--

ALTER TABLE ONLY public.signature_templates
    ADD CONSTRAINT signature_templates_pkey PRIMARY KEY (signature_template_id);


--
-- Name: signatures signatures_pkey; Type: CONSTRAINT; Schema: public; Owner: jupiter
--

ALTER TABLE ONLY public.signatures
    ADD CONSTRAINT signatures_pkey PRIMARY KEY (signatureid);


--
-- Name: user_titles user_titles_pkey; Type: CONSTRAINT; Schema: public; Owner: jupiter
--

ALTER TABLE ONLY public.user_titles
    ADD CONSTRAINT user_titles_pkey PRIMARY KEY (title_id);


--
-- Name: user_titles user_titles_title_key; Type: CONSTRAINT; Schema: public; Owner: jupiter
--

ALTER TABLE ONLY public.user_titles
    ADD CONSTRAINT user_titles_title_key UNIQUE (title);


--
-- Name: users users_pkey; Type: CONSTRAINT; Schema: public; Owner: jupiter
--

ALTER TABLE ONLY public.users
    ADD CONSTRAINT users_pkey PRIMARY KEY (username);


--
-- Name: attachment_templates attachment_templates_formtypeid_fkey; Type: FK CONSTRAINT; Schema: public; Owner: jupiter
--

ALTER TABLE ONLY public.attachment_templates
    ADD CONSTRAINT attachment_templates_formtypeid_fkey FOREIGN KEY (formtypeid) REFERENCES public.form_templates(formtypeid);


--
-- Name: attachments attachments_attachment_template_id_fkey; Type: FK CONSTRAINT; Schema: public; Owner: jupiter
--

ALTER TABLE ONLY public.attachments
    ADD CONSTRAINT attachments_attachment_template_id_fkey FOREIGN KEY (attachment_template_id) REFERENCES public.attachment_templates(attachment_template_id);


--
-- Name: attachments attachments_formid_fkey; Type: FK CONSTRAINT; Schema: public; Owner: jupiter
--

ALTER TABLE ONLY public.attachments
    ADD CONSTRAINT attachments_formid_fkey FOREIGN KEY (formid) REFERENCES public.forms(formid);


--
-- Name: credentials credentials_username_fkey; Type: FK CONSTRAINT; Schema: public; Owner: jupiter
--

ALTER TABLE ONLY public.credentials
    ADD CONSTRAINT credentials_username_fkey FOREIGN KEY (username) REFERENCES public.users(username);


--
-- Name: form_content form_content_content_template_id_fkey; Type: FK CONSTRAINT; Schema: public; Owner: jupiter
--

ALTER TABLE ONLY public.form_content
    ADD CONSTRAINT form_content_content_template_id_fkey FOREIGN KEY (content_template_id) REFERENCES public.form_content_templates(content_template_id);


--
-- Name: form_content form_content_formid_fkey; Type: FK CONSTRAINT; Schema: public; Owner: jupiter
--

ALTER TABLE ONLY public.form_content
    ADD CONSTRAINT form_content_formid_fkey FOREIGN KEY (formid) REFERENCES public.forms(formid);


--
-- Name: form_content_templates form_content_templates_formtypeid_fkey; Type: FK CONSTRAINT; Schema: public; Owner: jupiter
--

ALTER TABLE ONLY public.form_content_templates
    ADD CONSTRAINT form_content_templates_formtypeid_fkey FOREIGN KEY (formtypeid) REFERENCES public.form_templates(formtypeid);


--
-- Name: forms forms_formtypeid_fkey; Type: FK CONSTRAINT; Schema: public; Owner: jupiter
--

ALTER TABLE ONLY public.forms
    ADD CONSTRAINT forms_formtypeid_fkey FOREIGN KEY (formtypeid) REFERENCES public.form_templates(formtypeid);


--
-- Name: forms forms_username_fkey; Type: FK CONSTRAINT; Schema: public; Owner: jupiter
--

ALTER TABLE ONLY public.forms
    ADD CONSTRAINT forms_username_fkey FOREIGN KEY (username) REFERENCES public.users(username);


--
-- Name: signature_templates signature_templates_formtypeid_fkey; Type: FK CONSTRAINT; Schema: public; Owner: jupiter
--

ALTER TABLE ONLY public.signature_templates
    ADD CONSTRAINT signature_templates_formtypeid_fkey FOREIGN KEY (formtypeid) REFERENCES public.form_templates(formtypeid);


--
-- Name: signature_templates signature_templates_title_id_fkey; Type: FK CONSTRAINT; Schema: public; Owner: jupiter
--

ALTER TABLE ONLY public.signature_templates
    ADD CONSTRAINT signature_templates_title_id_fkey FOREIGN KEY (title_id) REFERENCES public.user_titles(title_id);


--
-- Name: signatures signatures_formid_fkey; Type: FK CONSTRAINT; Schema: public; Owner: jupiter
--

ALTER TABLE ONLY public.signatures
    ADD CONSTRAINT signatures_formid_fkey FOREIGN KEY (formid) REFERENCES public.forms(formid);


--
-- Name: signatures signatures_signature_template_id_fkey; Type: FK CONSTRAINT; Schema: public; Owner: jupiter
--

ALTER TABLE ONLY public.signatures
    ADD CONSTRAINT signatures_signature_template_id_fkey FOREIGN KEY (signature_template_id) REFERENCES public.signature_templates(signature_template_id);


--
-- Name: signatures signatures_username_fkey; Type: FK CONSTRAINT; Schema: public; Owner: jupiter
--

ALTER TABLE ONLY public.signatures
    ADD CONSTRAINT signatures_username_fkey FOREIGN KEY (username) REFERENCES public.users(username);


--
-- Name: users users_title_id_fkey; Type: FK CONSTRAINT; Schema: public; Owner: jupiter
--

ALTER TABLE ONLY public.users
    ADD CONSTRAINT users_title_id_fkey FOREIGN KEY (title_id) REFERENCES public.user_titles(title_id);


--
-- PostgreSQL database dump complete
--

